{
	"destination": "~/Backup",
	"archiving_cycle": "monthly",
	"multiprocessing": true,
	"verbose_log": false,
	
	"directories_to_sync": [
		"~/Desktop",
		"~/Documents"
	],
	
	"directories_to_archive": [
		"~/Desktop",
		"~/Documents"
	],

	"exclude": [
		".*",
		"$RECYCLE.BIN",
		"$Recycle.Bin",
		"Desktop DB",
		"Desktop DF",
		"hiberfil.sys",
		"lost+found",
		"Network Trash Folder",
		"pagefile.sys",
		"Recycled",
		"RECYCLER",
		"System Volume Information",
		"Temporary Items",
		"Thumbs.db"
	]
}
